Hour,Speed
0,31.77777777777778
1,29.2
4,33.5
5,28.023809523809526
6,27.618181818181817
7,27.02958579881657
8,26.352941176470587
9,28.0873786407767
10,27.763779527559056
11,27.3739837398374
12,27.67
13,27.228070175438596
14,27.55140186915888
15,28.746987951807228
16,28.020408163265305
17,29.955223880597014
18,26.28125
19,28.175
20,27.59259259259259
21,27.033333333333335
22,26.571428571428573
23,29.22222222222222
